{
    "width": { "control":"list", "value": 2, "items": [16, 64, 128, 256, 384, 512]  },
    "height": { "control":"list", "value": 3, "items": [16, 64, 128, 256, 384, 512]  },
    "amp0": { "control":"textbox", "type":"float", "min": "0.1", "max": "1.0", "value": "0.5", "step": "0.1" },
    "fre0": { "control":"textbox", "type":"float", "min": "1.0", "max": "16.0", "value": "2.0", "step": "0.1" },
    "amp":	{ "control":"slider", "type":"float", "min": "0.1", "max": "1.0", "value": "0.5", "step": "0.1" },
    "fre":	{ "control":"slider", "type":"float", "min": "1.5", "max": "8.0", "value": "2.0", "step": "0.1" },
    "speed":{ "control":"slider", "type":"float", "min": "0.5", "max": "4.0", "value": "0.6", "step": "0.1" },
    "color": { "control":"list", "type":"list", "value": 0, "items": ["fire", "gas"] }
}
