{
    "width": { "type":"list", "value": 5, "items": [16, 64, 128, 256, 384, 512]  },
    "height": { "type":"list", "value": 3, "items": [16, 64, 128, 256, 384, 512]  },
    "amp0": { "type":"value", "min": "0.1", "max": "1.0", "value": "0.5", "step": "0.1" },
    "fre0": { "type":"value", "min": "1.0", "max": "16.0", "value": "2.0", "step": "0.1" },
    "amp":	{ "type":"range", "min": "0.1", "max": "2.0", "value": "0.5", "step": "0.1" },
    "fre":	{ "type":"range", "min": "1.5", "max": "8.0", "value": "2.0", "step": "0.1" },
    "speed":{ "type":"range", "min": "0.5", "max": "4.0", "value": "0.6", "step": "0.1" },
    "color": { "type":"list", "value": 0, "items": ["fire", "gas"] }
}
