{
    "stack": {
        "type": "list", "orientation":"vertical",
        "templates": {
            "noise": { "type":"grid",
                "row-templates": [
                    {
                        "on": { "type":"checkbox", "data-field":"active", "events": ["change"] },
                        "type": { "type":"ddlist", "data-field":"noise-type", "items": ["value"] },
                        "amp": { "type":"textbox", "data-field":"amp", "data-type":"float", "min": "0.1", "max": "1.0", "value": "0.5", "step": "0.1" },
                        "fre": { "type":"textbox", "data-field":"fre", "data-type":"float", "min": "1.0", "max": "16.0", "value": "2.0", "step": "0.1" }
                    }
                ]
            },
            "filter": { "type":"grid", "rows":"3", "cols": "3",
                "cell-template":
	                { "type":"textbox", "data-field":"values", "data-type":"float", "min": "-1.0", "max": "1.0", "step": "0.1" }
			}
        },
        "data-source": [
              { "type": "noise", "active": true, "noise-type": "value", "amp": 0.4, "fre": 2.02 },
              { "type": "filter", "active": true, "value": [[0.0, 0.0, 0.0],  [0.0, 1.0, 0.0],  [0.0, 0.0, 0.0]] },
              { "type": "noise", "active": true, "noise-type": "value", "amp": 0.4, "fre": 2.02 },
              { "type": "filter", "active": true, "value": [[0.0, 0.0, 0.0],  [0.0, 1.0, 0.0],  [0.0, 0.0, 0.0]] }
          ],
        "template-selector": "type"
    }
}
